Tree Decompositions,Times
Features_tree80-2.ml.csv,22.493
Features_tree79-9.ml.csv,5.248
Features_tree16-8.ml.csv,2.204
Features_tree67-4.ml.csv,12.503
Features_tree21-1.ml.csv,7.786
Features_tree77-6.ml.csv,1.534
Features_tree27-9.ml.csv,6.03
Features_tree53-6.ml.csv,4.935
Features_tree66-6.ml.csv,1.086
Features_tree72-6.ml.csv,4.118
Features_tree11-3.ml.csv,10.669
Features_tree16-5.ml.csv,2.178
Features_tree22-4.ml.csv,2.503
Features_tree41-5.ml.csv,1.344
Features_tree43-7.ml.csv,1.338
Features_tree68-7.ml.csv,11.709
Features_tree62-7.ml.csv,3.26
Features_tree18-8.ml.csv,7.147
Features_tree60-7.ml.csv,3.156
Features_tree18-7.ml.csv,8.567
Features_tree51-10.ml.csv,5.138
Features_tree20-1.ml.csv,14.417
Features_tree79-6.ml.csv,6.176
Features_tree49-2.ml.csv,6.739
Features_tree47-5.ml.csv,7.116
Features_tree76-4.ml.csv,4.402
Features_tree48-9.ml.csv,7.182
Features_tree26-9.ml.csv,8.819
Features_tree54-10.ml.csv,6.997
Features_tree77-7.ml.csv,1.455
Features_tree48-5.ml.csv,7.0
Features_tree52-9.ml.csv,0.683
Features_tree45-5.ml.csv,5.098
Features_tree74-3.ml.csv,1.027
Features_tree52-4.ml.csv,0.816
Features_tree78-8.ml.csv,7.847
Features_tree26-8.ml.csv,6.79
Features_tree71-2.ml.csv,27.793
Features_tree67-1.ml.csv,12.012
Features_tree15-4.ml.csv,3.068
Features_tree49-10.ml.csv,5.45
Features_tree63-4.ml.csv,2.239
Features_tree12-8.ml.csv,5.221
Features_tree24-9.ml.csv,23.574
Features_tree69-8.ml.csv,24.399
Features_tree30-3.ml.csv,4.98
Features_tree60-5.ml.csv,3.287
Features_tree69-2.ml.csv,20.834
Features_tree42-8.ml.csv,1.351
Features_tree30-4.ml.csv,3.882
Features_tree65-7.ml.csv,2.337
Features_tree46-4.ml.csv,14.433
Features_tree45-4.ml.csv,7.168
Features_tree63-6.ml.csv,2.839
Features_tree64-7.ml.csv,0.97
Features_tree25-5.ml.csv,1.196
Features_tree30-1.ml.csv,5.334
Features_tree73-6.ml.csv,1.088
Features_tree75-6.ml.csv,1.533
Features_tree14-6.ml.csv,2.999
Features_tree75-2.ml.csv,1.339
Features_tree67-2.ml.csv,12.301
Features_tree19-5.ml.csv,4.384
Features_tree49-8.ml.csv,6.308
Features_tree28-7.ml.csv,6.317
Features_tree28-10.ml.csv,7.228
Features_tree64-6.ml.csv,1.575
Features_tree56-5.ml.csv,5.488
Features_tree19-1.ml.csv,3.823
Features_tree11-9.ml.csv,9.234
Features_tree75-5.ml.csv,1.494
Features_tree17-2.ml.csv,2.876
Features_tree10-2.ml.csv,1.975
Features_tree16-6.ml.csv,2.473
Features_tree79-1.ml.csv,6.354
Features_tree64-5.ml.csv,1.132
Features_tree71-1.ml.csv,22.091
Features_tree21-2.ml.csv,9.262
Features_tree19-4.ml.csv,4.63
Features_tree20-6.ml.csv,17.97
Features_tree66-7.ml.csv,0.865
Features_tree22-8.ml.csv,2.905
Features_tree10-9.ml.csv,2.421
Features_tree53-4.ml.csv,4.606
Features_tree12-6.ml.csv,5.494
Features_tree10-4.ml.csv,1.978
Features_tree21-10.ml.csv,10.45
Features_tree27-4.ml.csv,5.924
Features_tree44-2.ml.csv,7.151
Features_tree27-1.ml.csv,5.076
Features_tree62-8.ml.csv,3.289
Features_tree29-5.ml.csv,1.847
Features_tree25-2.ml.csv,1.227
Features_tree71-9.ml.csv,23.461
Features_tree70-5.ml.csv,3.835
Features_tree13-1.ml.csv,5.481
Features_tree23-1.ml.csv,6.723
Features_tree41-9.ml.csv,0.985
Features_tree50-5.ml.csv,6.86
Features_tree75-1.ml.csv,1.537
Features_tree11-6.ml.csv,9.708
Features_tree49-3.ml.csv,6.718
Features_tree57-4.ml.csv,2.898
Features_tree55-4.ml.csv,9.593
Features_tree60-2.ml.csv,3.8
Features_tree46-10.ml.csv,17.149
Features_tree58-3.ml.csv,12.112
Features_tree59-8.ml.csv,4.351
Features_tree69-9.ml.csv,21.543
Features_tree20-3.ml.csv,15.203
Features_tree62-6.ml.csv,2.944
Features_tree22-2.ml.csv,2.12
Features_tree72-4.ml.csv,4.399
Features_tree55-6.ml.csv,7.6
Features_tree49-4.ml.csv,6.901
Features_tree15-9.ml.csv,2.95
Features_tree26-1.ml.csv,7.129
Features_tree58-5.ml.csv,17.143
Features_tree57-6.ml.csv,2.905
Features_tree28-8.ml.csv,6.897
Features_tree65-3.ml.csv,1.786
Features_tree53-8.ml.csv,6.042
Features_tree42-2.ml.csv,1.988
Features_tree64-4.ml.csv,1.35
Features_tree78-1.ml.csv,7.112
Features_tree29-2.ml.csv,1.634
Features_tree61-10.ml.csv,8.701
Features_tree44-3.ml.csv,5.56
Features_tree76-1.ml.csv,4.985
Features_tree46-6.ml.csv,13.974
Features_tree41-3.ml.csv,0.983
Features_tree59-3.ml.csv,4.946
Features_tree57-7.ml.csv,2.592
Features_tree79-2.ml.csv,6.59
Features_tree49-1.ml.csv,5.623
Features_tree80-9.ml.csv,15.547
Features_tree41-8.ml.csv,1.033
Features_tree23-2.ml.csv,5.823
Features_tree65-2.ml.csv,2.07
Features_tree16-9.ml.csv,2.167
Features_tree15-10.ml.csv,3.348
Features_tree10-7.ml.csv,1.86
Features_tree79-8.ml.csv,5.636
Features_tree76-6.ml.csv,4.247
Features_tree41-1.ml.csv,1.303
Features_tree10-3.ml.csv,2.09
Features_tree18-2.ml.csv,6.605
Features_tree16-7.ml.csv,2.47
Features_tree23-7.ml.csv,7.938
Features_tree42-4.ml.csv,1.704
Features_tree63-5.ml.csv,2.305
Features_tree14-4.ml.csv,3.162
Features_tree49-7.ml.csv,6.128
Features_tree70-1.ml.csv,4.11
Features_tree13-3.ml.csv,4.877
Features_tree18-6.ml.csv,6.993
Features_tree78-3.ml.csv,7.689
Features_tree75-8.ml.csv,1.583
Features_tree47-4.ml.csv,6.231
Features_tree53-9.ml.csv,4.681
Features_tree54-1.ml.csv,8.148
Features_tree50-2.ml.csv,7.125
Features_tree41-10.ml.csv,1.248
Features_tree27-3.ml.csv,4.882
Features_tree66-9.ml.csv,0.972
Features_tree14-9.ml.csv,3.482
Features_tree24-7.ml.csv,20.324
Features_tree51-9.ml.csv,6.008
Features_tree40-8.ml.csv,1.855
Features_tree47-8.ml.csv,7.871
Features_tree26-7.ml.csv,8.756
Features_tree29-8.ml.csv,1.138
Features_tree43-4.ml.csv,1.774
Features_tree43-5.ml.csv,1.674
Features_tree25-4.ml.csv,1.407
Features_tree25-8.ml.csv,1.496
Features_tree60-3.ml.csv,3.417
Features_tree15-8.ml.csv,3.287
Features_tree28-9.ml.csv,7.066
Features_tree25-1.ml.csv,1.444
Features_tree15-2.ml.csv,3.657
Features_tree73-3.ml.csv,1.113
Features_tree26-10.ml.csv,6.546
Features_tree77-3.ml.csv,1.449
Features_tree21-3.ml.csv,7.953
Features_tree11-8.ml.csv,11.272
Features_tree78-9.ml.csv,7.27
Features_tree59-2.ml.csv,5.221
Features_tree77-5.ml.csv,1.412
Features_tree61-6.ml.csv,9.786
Features_tree76-2.ml.csv,4.611
Features_tree57-8.ml.csv,3.291
Features_tree30-8.ml.csv,4.43
Features_tree43-8.ml.csv,1.116
Features_tree10-5.ml.csv,2.2
Features_tree70-3.ml.csv,4.566
Features_tree78-10.ml.csv,7.596
Features_tree40-7.ml.csv,1.553
Features_tree22-9.ml.csv,2.03
Features_tree23-5.ml.csv,6.671
Features_tree78-4.ml.csv,7.518
Features_tree43-6.ml.csv,1.19
Features_tree20-4.ml.csv,11.236
Features_tree21-5.ml.csv,9.327
Features_tree69-1.ml.csv,25.101
Features_tree12-10.ml.csv,6.297
Features_tree74-8.ml.csv,0.996
Features_tree15-1.ml.csv,3.083
Features_tree73-2.ml.csv,0.835
Features_tree60-8.ml.csv,3.489
Features_tree30-7.ml.csv,4.09
Features_tree52-2.ml.csv,0.915
Features_tree68-4.ml.csv,11.674
Features_tree12-2.ml.csv,5.646
Features_tree28-1.ml.csv,6.469
Features_tree70-9.ml.csv,4.395
Features_tree76-3.ml.csv,3.731
Features_tree57-1.ml.csv,2.832
Features_tree76-9.ml.csv,5.175
Features_tree79-10.ml.csv,7.577
Features_tree13-10.ml.csv,5.634
Features_tree24-5.ml.csv,21.557
Features_tree48-3.ml.csv,6.873
Features_tree73-8.ml.csv,0.959
Features_tree56-10.ml.csv,6.013
Features_tree68-6.ml.csv,9.066
Features_tree45-2.ml.csv,5.446
Features_tree30-10.ml.csv,4.19
Features_tree59-6.ml.csv,4.471
Features_tree19-9.ml.csv,4.501
Features_tree79-4.ml.csv,5.913
Features_tree53-3.ml.csv,4.403
Features_tree19-2.ml.csv,4.669
Features_tree77-10.ml.csv,1.346
Features_tree68-9.ml.csv,10.147
Features_tree57-9.ml.csv,2.998
Features_tree45-7.ml.csv,5.273
Features_tree54-4.ml.csv,8.216
Features_tree63-9.ml.csv,2.162
Features_tree68-10.ml.csv,9.219
Features_tree45-3.ml.csv,5.352
Features_tree62-1.ml.csv,2.854
Features_tree50-4.ml.csv,6.909
Features_tree42-3.ml.csv,1.465
Features_tree28-5.ml.csv,7.399
Features_tree71-8.ml.csv,23.694
Features_tree48-10.ml.csv,8.245
Features_tree47-2.ml.csv,6.009
Features_tree23-4.ml.csv,5.896
Features_tree42-5.ml.csv,1.419
Features_tree24-2.ml.csv,21.286
Features_tree44-1.ml.csv,5.895
Features_tree27-8.ml.csv,4.835
Features_tree46-1.ml.csv,15.233
Features_tree80-8.ml.csv,17.825
Features_tree16-10.ml.csv,2.056
Features_tree42-7.ml.csv,1.233
Features_tree63-1.ml.csv,2.651
Features_tree14-1.ml.csv,2.815
Features_tree46-7.ml.csv,17.366
Features_tree42-1.ml.csv,1.451
Features_tree60-10.ml.csv,3.286
Features_tree16-1.ml.csv,2.079
Features_tree46-5.ml.csv,14.757
Features_tree48-2.ml.csv,7.323
Features_tree51-7.ml.csv,5.326
Features_tree42-9.ml.csv,1.256
Features_tree29-7.ml.csv,1.516
Features_tree66-5.ml.csv,0.815
Features_tree24-6.ml.csv,25.934
Features_tree63-10.ml.csv,2.61
Features_tree80-7.ml.csv,21.255
Features_tree10-8.ml.csv,2.254
Features_tree22-1.ml.csv,2.651
Features_tree58-9.ml.csv,13.611
Features_tree40-6.ml.csv,1.693
Features_tree54-6.ml.csv,7.137
Features_tree55-8.ml.csv,13.034
Features_tree51-5.ml.csv,5.93
Features_tree10-6.ml.csv,2.349
Features_tree56-4.ml.csv,5.286
Features_tree44-5.ml.csv,6.412
Features_tree15-5.ml.csv,3.547
Features_tree20-9.ml.csv,19.095
Features_tree30-9.ml.csv,4.21
Features_tree40-5.ml.csv,2.219
Features_tree27-7.ml.csv,5.763
Features_tree58-10.ml.csv,17.456
Features_tree22-5.ml.csv,2.306
Features_tree74-1.ml.csv,0.947
Features_tree28-2.ml.csv,5.865
Features_tree79-3.ml.csv,6.505
Features_tree69-5.ml.csv,23.836
Features_tree45-9.ml.csv,6.557
Features_tree26-3.ml.csv,7.337
Features_tree73-4.ml.csv,0.948
Features_tree41-7.ml.csv,1.054
Features_tree80-6.ml.csv,15.863
Features_tree12-1.ml.csv,4.575
Features_tree45-8.ml.csv,4.767
Features_tree25-7.ml.csv,1.298
Features_tree44-8.ml.csv,6.833
Features_tree65-6.ml.csv,2.358
Features_tree61-3.ml.csv,8.977
Features_tree13-8.ml.csv,5.223
Features_tree56-6.ml.csv,5.009
Features_tree53-7.ml.csv,5.458
Features_tree68-1.ml.csv,12.337
Features_tree58-7.ml.csv,12.189
Features_tree43-10.ml.csv,1.521
Features_tree72-5.ml.csv,4.706
Features_tree64-9.ml.csv,1.129
Features_tree16-4.ml.csv,2.731
Features_tree54-3.ml.csv,6.756
Features_tree70-8.ml.csv,4.271
Features_tree77-4.ml.csv,1.496
Features_tree17-9.ml.csv,2.576
Features_tree63-7.ml.csv,2.182
Features_tree11-2.ml.csv,8.824
Features_tree58-1.ml.csv,13.896
Features_tree14-8.ml.csv,2.991
Features_tree70-7.ml.csv,4.11
Features_tree47-7.ml.csv,7.21
Features_tree24-10.ml.csv,21.496
Features_tree62-3.ml.csv,2.856
Features_tree29-9.ml.csv,1.357
Features_tree67-7.ml.csv,15.82
Features_tree61-7.ml.csv,9.349
Features_tree23-3.ml.csv,5.8
Features_tree41-2.ml.csv,1.047
Features_tree70-6.ml.csv,3.73
Features_tree47-3.ml.csv,7.232
Features_tree40-9.ml.csv,1.442
Features_tree17-4.ml.csv,2.981
Features_tree66-2.ml.csv,0.932
Features_tree22-7.ml.csv,2.558
Features_tree25-9.ml.csv,1.331
Features_tree53-1.ml.csv,5.838
Features_tree13-2.ml.csv,5.345
Features_tree13-6.ml.csv,4.729
Features_tree14-3.ml.csv,3.04
Features_tree53-10.ml.csv,6.43
Features_tree50-8.ml.csv,7.828
Features_tree60-9.ml.csv,3.235
Features_tree54-8.ml.csv,6.959
Features_tree67-10.ml.csv,12.328
Features_tree11-4.ml.csv,10.128
Features_tree70-10.ml.csv,4.043
Features_tree65-5.ml.csv,2.003
Features_tree69-6.ml.csv,25.283
Features_tree73-9.ml.csv,1.194
Features_tree64-1.ml.csv,1.09
Features_tree18-9.ml.csv,5.102
Features_tree44-4.ml.csv,6.704
Features_tree24-3.ml.csv,22.412
Features_tree44-7.ml.csv,4.872
Features_tree60-1.ml.csv,3.268
Features_tree74-5.ml.csv,1.101
Features_tree51-3.ml.csv,5.507
Features_tree19-8.ml.csv,4.451
Features_tree76-7.ml.csv,4.035
Features_tree71-10.ml.csv,24.365
Features_tree78-2.ml.csv,6.164
Features_tree25-6.ml.csv,1.405
Features_tree46-2.ml.csv,13.456
Features_tree44-6.ml.csv,4.314
Features_tree12-4.ml.csv,6.585
Features_tree29-4.ml.csv,1.238
Features_tree74-7.ml.csv,1.068
Features_tree50-6.ml.csv,6.838
Features_tree71-5.ml.csv,22.853
Features_tree56-3.ml.csv,5.861
Features_tree29-1.ml.csv,1.546
Features_tree63-2.ml.csv,2.825
Features_tree41-4.ml.csv,1.17
Features_tree64-2.ml.csv,1.046
Features_tree62-4.ml.csv,2.759
Features_tree71-6.ml.csv,24.003
Features_tree62-10.ml.csv,2.857
Features_tree68-8.ml.csv,11.65
Features_tree15-3.ml.csv,3.294
Features_tree61-9.ml.csv,8.389
Features_tree24-8.ml.csv,29.073
Features_tree66-4.ml.csv,1.032
Features_tree23-6.ml.csv,7.078
Features_tree49-6.ml.csv,5.857
Features_tree53-2.ml.csv,4.863
Features_tree57-5.ml.csv,3.181
Features_tree75-3.ml.csv,1.246
Features_tree28-3.ml.csv,6.205
Features_tree13-7.ml.csv,5.066
Features_tree59-4.ml.csv,4.23
Features_tree54-9.ml.csv,8.688
Features_tree46-9.ml.csv,15.561
Features_tree24-1.ml.csv,27.552
Features_tree79-5.ml.csv,6.537
Features_tree52-5.ml.csv,0.899
Features_tree12-7.ml.csv,3.827
Features_tree45-6.ml.csv,5.044
Features_tree56-8.ml.csv,6.443
Features_tree51-2.ml.csv,6.068
Features_tree48-8.ml.csv,7.479
Features_tree26-6.ml.csv,8.24
Features_tree74-4.ml.csv,0.901
Features_tree66-8.ml.csv,0.859
Features_tree59-7.ml.csv,4.956
Features_tree19-7.ml.csv,4.265
Features_tree14-5.ml.csv,3.043
Features_tree73-7.ml.csv,0.945
Features_tree30-5.ml.csv,4.513
Features_tree52-7.ml.csv,1.03
Features_tree51-4.ml.csv,6.165
Features_tree16-2.ml.csv,2.404
Features_tree19-3.ml.csv,4.917
Features_tree14-2.ml.csv,3.532
Features_tree47-10.ml.csv,6.964
Features_tree57-10.ml.csv,3.6
Features_tree21-9.ml.csv,8.332
Features_tree20-2.ml.csv,14.518
Features_tree66-10.ml.csv,1.007
Features_tree47-1.ml.csv,6.725
Features_tree52-3.ml.csv,0.878
Features_tree21-8.ml.csv,8.243
Features_tree43-2.ml.csv,1.314
Features_tree61-5.ml.csv,8.637
Features_tree49-5.ml.csv,5.882
Features_tree24-4.ml.csv,26.339
Features_tree27-5.ml.csv,5.421
Features_tree65-1.ml.csv,2.328
Features_tree76-8.ml.csv,3.271
Features_tree47-9.ml.csv,5.676
Features_tree20-10.ml.csv,23.439
Features_tree68-2.ml.csv,9.662
Features_tree72-1.ml.csv,3.713
Features_tree26-2.ml.csv,7.687
Features_tree62-5.ml.csv,2.948
Features_tree52-10.ml.csv,1.036
Features_tree66-3.ml.csv,0.766
Features_tree17-10.ml.csv,3.846
Features_tree10-1.ml.csv,1.943
Features_tree19-10.ml.csv,4.629
Features_tree55-10.ml.csv,10.333
Features_tree10-10.ml.csv,2.025
Features_tree44-9.ml.csv,5.738
Features_tree21-6.ml.csv,8.848
Features_tree40-2.ml.csv,1.376
Features_tree11-7.ml.csv,9.303
Features_tree67-8.ml.csv,16.307
Features_tree56-1.ml.csv,5.271
Features_tree18-10.ml.csv,7.526
Features_tree27-6.ml.csv,5.219
Features_tree77-1.ml.csv,1.387
Features_tree73-5.ml.csv,1.149
Features_tree80-5.ml.csv,23.198
Features_tree40-3.ml.csv,2.157
Features_tree65-8.ml.csv,2.041
Features_tree27-10.ml.csv,5.292
Features_tree65-4.ml.csv,1.95
Features_tree80-10.ml.csv,16.948
Features_tree58-2.ml.csv,14.499
Features_tree29-10.ml.csv,2.088
Features_tree40-10.ml.csv,1.714
Features_tree12-3.ml.csv,5.383
Features_tree47-6.ml.csv,6.46
Features_tree46-8.ml.csv,17.098
Features_tree44-10.ml.csv,7.711
Features_tree73-10.ml.csv,0.994
Features_tree69-7.ml.csv,21.278
Features_tree50-9.ml.csv,6.311
Features_tree13-9.ml.csv,4.902
Features_tree71-4.ml.csv,23.292
Features_tree18-5.ml.csv,6.603
Features_tree28-4.ml.csv,6.534
Features_tree80-4.ml.csv,20.196
Features_tree59-10.ml.csv,4.528
Features_tree56-9.ml.csv,7.157
Features_tree77-2.ml.csv,1.56
Features_tree55-2.ml.csv,8.551
Features_tree51-1.ml.csv,5.801
Features_tree69-10.ml.csv,22.541
Features_tree68-3.ml.csv,9.481
Features_tree78-6.ml.csv,7.211
Features_tree41-6.ml.csv,1.012
Features_tree11-10.ml.csv,9.377
Features_tree11-5.ml.csv,9.21
Features_tree72-10.ml.csv,4.37
Features_tree72-7.ml.csv,3.654
Features_tree50-1.ml.csv,7.91
Features_tree56-2.ml.csv,6.523
Features_tree71-7.ml.csv,25.861
Features_tree55-7.ml.csv,9.929
Features_tree46-3.ml.csv,17.721
Features_tree63-8.ml.csv,2.882
Features_tree74-6.ml.csv,1.022
Features_tree72-2.ml.csv,4.459
Features_tree18-4.ml.csv,5.387
Features_tree75-4.ml.csv,1.458
Features_tree15-6.ml.csv,2.67
Features_tree72-9.ml.csv,5.162
Features_tree42-10.ml.csv,2.16
Features_tree55-9.ml.csv,8.619
Features_tree29-6.ml.csv,1.107
Features_tree52-8.ml.csv,1.055
Features_tree25-10.ml.csv,1.042
Features_tree22-6.ml.csv,2.131
Features_tree80-3.ml.csv,17.308
Features_tree30-2.ml.csv,3.386
Features_tree17-1.ml.csv,3.227
Features_tree21-4.ml.csv,7.611
Features_tree55-5.ml.csv,10.115
Features_tree76-10.ml.csv,4.873
Features_tree17-8.ml.csv,3.19
Features_tree22-10.ml.csv,2.366
Features_tree49-9.ml.csv,6.01
Features_tree58-4.ml.csv,13.883
Features_tree74-10.ml.csv,1.038
Features_tree40-4.ml.csv,1.837
Features_tree58-6.ml.csv,14.711
Features_tree57-2.ml.csv,3.104
Features_tree13-4.ml.csv,4.979
Features_tree17-3.ml.csv,3.249
Features_tree57-3.ml.csv,3.01
Features_tree60-4.ml.csv,3.308
Features_tree72-3.ml.csv,4.103
Features_tree54-2.ml.csv,6.991
Features_tree62-2.ml.csv,2.877
Features_tree51-8.ml.csv,6.062
Features_tree43-1.ml.csv,1.568
Features_tree55-1.ml.csv,7.867
Features_tree69-4.ml.csv,21.123
Features_tree48-6.ml.csv,7.069
Features_tree23-8.ml.csv,6.595
Features_tree56-7.ml.csv,5.975
Features_tree59-9.ml.csv,4.911
Features_tree62-9.ml.csv,2.815
Features_tree23-9.ml.csv,5.061
Features_tree70-4.ml.csv,3.782
Features_tree78-7.ml.csv,6.077
Features_tree67-9.ml.csv,12.691
Features_tree71-3.ml.csv,25.503
Features_tree61-8.ml.csv,9.66
Features_tree43-3.ml.csv,1.298
Features_tree27-2.ml.csv,4.558
Features_tree69-3.ml.csv,21.0
Features_tree14-10.ml.csv,3.877
Features_tree61-1.ml.csv,8.117
Features_tree64-8.ml.csv,1.085
Features_tree21-7.ml.csv,9.659
Features_tree79-7.ml.csv,5.881
Features_tree45-10.ml.csv,5.06
Features_tree65-10.ml.csv,1.953
Features_tree65-9.ml.csv,1.757
Features_tree53-5.ml.csv,5.97
Features_tree67-5.ml.csv,15.23
Features_tree77-8.ml.csv,1.634
Features_tree75-7.ml.csv,1.365
Features_tree54-5.ml.csv,6.978
Features_tree12-5.ml.csv,4.559
Features_tree25-3.ml.csv,1.272
Features_tree72-8.ml.csv,4.002
Features_tree74-2.ml.csv,0.907
Features_tree17-7.ml.csv,2.968
Features_tree48-1.ml.csv,6.378
Features_tree67-6.ml.csv,13.927
Features_tree61-4.ml.csv,9.193
Features_tree17-6.ml.csv,3.399
Features_tree48-4.ml.csv,6.378
Features_tree26-4.ml.csv,6.826
Features_tree50-7.ml.csv,7.366
Features_tree64-3.ml.csv,1.215
Features_tree22-3.ml.csv,2.291
Features_tree68-5.ml.csv,10.636
Features_tree50-3.ml.csv,7.796
Features_tree12-9.ml.csv,5.838
Features_tree20-5.ml.csv,15.066
Features_tree52-1.ml.csv,0.914
Features_tree18-3.ml.csv,8.569
Features_tree76-5.ml.csv,4.141
Features_tree66-1.ml.csv,1.17
Features_tree20-8.ml.csv,16.767
Features_tree19-6.ml.csv,4.544
Features_tree77-9.ml.csv,1.468
Features_tree52-6.ml.csv,0.742
Features_tree61-2.ml.csv,9.236
Features_tree43-9.ml.csv,1.371
Features_tree20-7.ml.csv,14.891
Features_tree50-10.ml.csv,7.034
Features_tree18-1.ml.csv,6.536
Features_tree40-1.ml.csv,1.518
Features_tree14-7.ml.csv,4.136
Features_tree59-5.ml.csv,5.116
Features_tree63-3.ml.csv,2.227
Features_tree15-7.ml.csv,2.896
Features_tree48-7.ml.csv,8.575
Features_tree78-5.ml.csv,7.143
Features_tree54-7.ml.csv,7.123
Features_tree42-6.ml.csv,1.731
Features_tree60-6.ml.csv,3.433
Features_tree75-10.ml.csv,1.757
Features_tree23-10.ml.csv,6.542
Features_tree58-8.ml.csv,13.498
Features_tree74-9.ml.csv,1.009
Features_tree55-3.ml.csv,9.061
Features_tree29-3.ml.csv,1.538
Features_tree28-6.ml.csv,9.219
Features_tree13-5.ml.csv,4.558
Features_tree11-1.ml.csv,10.231
Features_tree80-1.ml.csv,15.638
Features_tree26-5.ml.csv,7.55
Features_tree73-1.ml.csv,1.114
Features_tree17-5.ml.csv,3.502
Features_tree51-6.ml.csv,5.955
Features_tree75-9.ml.csv,1.662
Features_tree67-3.ml.csv,10.504
Features_tree16-3.ml.csv,2.258
Features_tree59-1.ml.csv,4.363
Features_tree64-10.ml.csv,1.032
Features_tree45-1.ml.csv,5.431
Features_tree30-6.ml.csv,3.897
Features_tree70-2.ml.csv,3.32
